Page,URL,Status,Remark
Page 1,http://www.jidajia.com/kaishu/index.html,Success
Page 2,http://www.jidajia.com/kaishu/index_2.html,Success
Page 3,http://www.jidajia.com/kaishu/index_3.html,Success
Page 4,http://www.jidajia.com/kaishu/index_4.html,Success
Page 5,http://www.jidajia.com/kaishu/index_5.html,Success
Page 6,http://www.jidajia.com/kaishu/index_6.html,Success
Page 7,http://www.jidajia.com/kaishu/index_7.html,Success
Page 8,http://www.jidajia.com/kaishu/index_8.html,Success
Page 9,http://www.jidajia.com/kaishu/index_9.html,Success
Page 10,http://www.jidajia.com/kaishu/index_10.html,Success
Page 11,http://www.jidajia.com/kaishu/index_11.html,Success
Page 12,http://www.jidajia.com/kaishu/index_12.html,Success
Page 13,http://www.jidajia.com/kaishu/index_13.html,Success
Page 14,http://www.jidajia.com/kaishu/index_14.html,Success
Page 15,http://www.jidajia.com/kaishu/index_15.html,Success
Page 16,http://www.jidajia.com/kaishu/index_16.html,Success
Page 17,http://www.jidajia.com/kaishu/index_17.html,Success
Page 18,http://www.jidajia.com/kaishu/index_18.html,Success
Page 19,http://www.jidajia.com/kaishu/index_19.html,Success
Page 20,http://www.jidajia.com/kaishu/index_20.html,Success
Page 21,http://www.jidajia.com/kaishu/index_21.html,Success
Page 22,http://www.jidajia.com/kaishu/index_22.html,Success
Page 23,http://www.jidajia.com/kaishu/index_23.html,Success
Page 24,http://www.jidajia.com/kaishu/index_24.html,Success
Page 25,http://www.jidajia.com/kaishu/index_25.html,Success
Page 26,http://www.jidajia.com/kaishu/index_26.html,Success
Page 27,http://www.jidajia.com/kaishu/index_27.html,Success
Page 28,http://www.jidajia.com/kaishu/index_28.html,Success
Page 29,http://www.jidajia.com/kaishu/index_29.html,Success
Page 30,http://www.jidajia.com/kaishu/index_30.html,Success
Page 31,http://www.jidajia.com/kaishu/index_31.html,Success
Page 32,http://www.jidajia.com/kaishu/index_32.html,Success
Page 33,http://www.jidajia.com/kaishu/index_33.html,Success
Page 34,http://www.jidajia.com/kaishu/index_34.html,Success
Page 35,http://www.jidajia.com/kaishu/index_35.html,Success
Page 36,http://www.jidajia.com/kaishu/index_36.html,Success
Page 37,http://www.jidajia.com/kaishu/index_37.html,Success
Page 38,http://www.jidajia.com/kaishu/index_38.html,Success
Page 39,http://www.jidajia.com/kaishu/index_39.html,Success
Page 40,http://www.jidajia.com/kaishu/index_40.html,Success
Page 41,http://www.jidajia.com/kaishu/index_41.html,Success
Page 42,http://www.jidajia.com/kaishu/index_42.html,Success
Page 43,http://www.jidajia.com/kaishu/index_43.html,Success
Page 44,http://www.jidajia.com/kaishu/index_44.html,Success
Page 45,http://www.jidajia.com/kaishu/index_45.html,Success
Page 46,http://www.jidajia.com/kaishu/index_46.html,Success
Page 47,http://www.jidajia.com/kaishu/index_47.html,Success
Page 48,http://www.jidajia.com/kaishu/index_48.html,Success
Page 49,http://www.jidajia.com/kaishu/index_49.html,Success
Page 50,http://www.jidajia.com/kaishu/index_50.html,Success
Page 51,http://www.jidajia.com/kaishu/index_51.html,Success
Page 52,http://www.jidajia.com/kaishu/index_52.html,Success
Page 53,http://www.jidajia.com/kaishu/index_53.html,Success
Page 54,http://www.jidajia.com/kaishu/index_54.html,Success
Page 55,http://www.jidajia.com/kaishu/index_55.html,Success
Page 56,http://www.jidajia.com/kaishu/index_56.html,Success
Page 57,http://www.jidajia.com/kaishu/index_57.html,Success
Page 58,http://www.jidajia.com/kaishu/index_58.html,Success
Page 59,http://www.jidajia.com/kaishu/index_59.html,Success
Page 60,http://www.jidajia.com/kaishu/index_60.html,Success
Page 61,http://www.jidajia.com/kaishu/index_61.html,Success
Page 62,http://www.jidajia.com/kaishu/index_62.html,Success
Page 63,http://www.jidajia.com/kaishu/index_63.html,Success
Page 64,http://www.jidajia.com/kaishu/index_64.html,Success
Page 65,http://www.jidajia.com/kaishu/index_65.html,Success
Page 66,http://www.jidajia.com/kaishu/index_66.html,Success
Page 67,http://www.jidajia.com/kaishu/index_67.html,Success
Page 68,http://www.jidajia.com/kaishu/index_68.html,Success
Page 69,http://www.jidajia.com/kaishu/index_69.html,Success
Page 70,http://www.jidajia.com/kaishu/index_70.html,Success
Page 71,http://www.jidajia.com/kaishu/index_71.html,Success
Page 72,http://www.jidajia.com/kaishu/index_72.html,Success
Page 73,http://www.jidajia.com/kaishu/index_73.html,Success
Page 74,http://www.jidajia.com/kaishu/index_74.html,Success
Page 75,http://www.jidajia.com/kaishu/index_75.html,Success
Page 76,http://www.jidajia.com/kaishu/index_76.html,Success
Page 77,http://www.jidajia.com/kaishu/index_77.html,Success
Page 78,http://www.jidajia.com/kaishu/index_78.html,Success
Page 79,http://www.jidajia.com/kaishu/index_79.html,Success
Page 80,http://www.jidajia.com/kaishu/index_80.html,Success
Page 81,http://www.jidajia.com/kaishu/index_81.html,Success
Page 82,http://www.jidajia.com/kaishu/index_82.html,Success
Page 83,http://www.jidajia.com/kaishu/index_83.html,Success
Page 84,http://www.jidajia.com/kaishu/index_84.html,Success
Page 85,http://www.jidajia.com/kaishu/index_85.html,Success
Page 86,http://www.jidajia.com/kaishu/index_86.html,Success
Page 87,http://www.jidajia.com/kaishu/index_87.html,Success
Page 88,http://www.jidajia.com/kaishu/index_88.html,Success
Page 89,http://www.jidajia.com/kaishu/index_89.html,Success
Page 90,http://www.jidajia.com/kaishu/index_90.html,Success
Page 91,http://www.jidajia.com/kaishu/index_91.html,Success
Page 92,http://www.jidajia.com/kaishu/index_92.html,Success
Page 93,http://www.jidajia.com/kaishu/index_93.html,Success
Page 94,http://www.jidajia.com/kaishu/index_94.html,Success
Page 95,http://www.jidajia.com/kaishu/index_95.html,Success
Page 96,http://www.jidajia.com/kaishu/index_96.html,Success
Page 97,http://www.jidajia.com/kaishu/index_97.html,Success
Page 98,http://www.jidajia.com/kaishu/index_98.html,Success
Page 99,http://www.jidajia.com/kaishu/index_99.html,Success
Page 100,http://www.jidajia.com/kaishu/index_100.html,Success
Page 101,http://www.jidajia.com/kaishu/index_101.html,Success
Page 102,http://www.jidajia.com/kaishu/index_102.html,Success
Page 103,http://www.jidajia.com/kaishu/index_103.html,Success
Page 104,http://www.jidajia.com/kaishu/index_104.html,Success
Page 105,http://www.jidajia.com/kaishu/index_105.html,Success
Page 106,http://www.jidajia.com/kaishu/index_106.html,Success
Page 107,http://www.jidajia.com/kaishu/index_107.html,Success
Page 108,http://www.jidajia.com/kaishu/index_108.html,Success
Page 109,http://www.jidajia.com/kaishu/index_109.html,Success
Page 110,http://www.jidajia.com/kaishu/index_110.html,Success
Page 111,http://www.jidajia.com/kaishu/index_111.html,Success
Page 112,http://www.jidajia.com/kaishu/index_112.html,Success
Page 113,http://www.jidajia.com/kaishu/index_113.html,Success
Page 114,http://www.jidajia.com/kaishu/index_114.html,Success
Page 115,http://www.jidajia.com/kaishu/index_115.html,Success
Page 116,http://www.jidajia.com/kaishu/index_116.html,Success
Page 117,http://www.jidajia.com/kaishu/index_117.html,Success
Page 118,http://www.jidajia.com/kaishu/index_118.html,Success
Page 119,http://www.jidajia.com/kaishu/index_119.html,Success
Page 120,http://www.jidajia.com/kaishu/index_120.html,Success
Page 121,http://www.jidajia.com/kaishu/index_121.html,Success
Page 122,http://www.jidajia.com/kaishu/index_122.html,Success
Page 123,http://www.jidajia.com/kaishu/index_123.html,Success
Page 124,http://www.jidajia.com/kaishu/index_124.html,Success
Page 125,http://www.jidajia.com/kaishu/index_125.html,Success
Page 126,http://www.jidajia.com/kaishu/index_126.html,Success
Page 127,http://www.jidajia.com/kaishu/index_127.html,Success
Page 128,http://www.jidajia.com/kaishu/index_128.html,Success
Page 130,http://www.jidajia.com/kaishu/index_130.html,Success
Page 131,http://www.jidajia.com/kaishu/index_131.html,Success
Page 132,http://www.jidajia.com/kaishu/index_132.html,Success
Page 133,http://www.jidajia.com/kaishu/index_133.html,Success
Page 134,http://www.jidajia.com/kaishu/index_134.html,Success
Page 135,http://www.jidajia.com/kaishu/index_135.html,Success
Page 136,http://www.jidajia.com/kaishu/index_136.html,Success
Page 137,http://www.jidajia.com/kaishu/index_137.html,Success
Page 138,http://www.jidajia.com/kaishu/index_138.html,Success
Page 139,http://www.jidajia.com/kaishu/index_139.html,Success
Page 140,http://www.jidajia.com/kaishu/index_140.html,Success
Page 141,http://www.jidajia.com/kaishu/index_141.html,Success
Page 142,http://www.jidajia.com/kaishu/index_142.html,Success
Page 143,http://www.jidajia.com/kaishu/index_143.html,Success
Page 144,http://www.jidajia.com/kaishu/index_144.html,Success
Page 145,http://www.jidajia.com/kaishu/index_145.html,Success
Page 146,http://www.jidajia.com/kaishu/index_146.html,Success
Page 147,http://www.jidajia.com/kaishu/index_147.html,Success
Page 148,http://www.jidajia.com/kaishu/index_148.html,Success
Page 149,http://www.jidajia.com/kaishu/index_149.html,Success
Page 150,http://www.jidajia.com/kaishu/index_150.html,Success
Page 151,http://www.jidajia.com/kaishu/index_151.html,Success
Page 152,http://www.jidajia.com/kaishu/index_152.html,Success
Page 153,http://www.jidajia.com/kaishu/index_153.html,Success
Page 154,http://www.jidajia.com/kaishu/index_154.html,Success
Page 155,http://www.jidajia.com/kaishu/index_155.html,Success
Page 156,http://www.jidajia.com/kaishu/index_156.html,Success
Page 157,http://www.jidajia.com/kaishu/index_157.html,Success
Page 158,http://www.jidajia.com/kaishu/index_158.html,Success
Page 159,http://www.jidajia.com/kaishu/index_159.html,Success
Page 160,http://www.jidajia.com/kaishu/index_160.html,Success
Page 161,http://www.jidajia.com/kaishu/index_161.html,Success
Page 162,http://www.jidajia.com/kaishu/index_162.html,Success
Page 163,http://www.jidajia.com/kaishu/index_163.html,Success
Page 164,http://www.jidajia.com/kaishu/index_164.html,Success
Page 166,http://www.jidajia.com/kaishu/index_166.html,Success
Page 167,http://www.jidajia.com/kaishu/index_167.html,Success
Page 168,http://www.jidajia.com/kaishu/index_168.html,Success
Page 169,http://www.jidajia.com/kaishu/index_169.html,Success
Page 170,http://www.jidajia.com/kaishu/index_170.html,Success
Page 171,http://www.jidajia.com/kaishu/index_171.html,Success
Page 172,http://www.jidajia.com/kaishu/index_172.html,Success
Page 173,http://www.jidajia.com/kaishu/index_173.html,Success
Page 174,http://www.jidajia.com/kaishu/index_174.html,Success
Page 175,http://www.jidajia.com/kaishu/index_175.html,Success
Page 176,http://www.jidajia.com/kaishu/index_176.html,Success
Page 177,http://www.jidajia.com/kaishu/index_177.html,Success
Page 178,http://www.jidajia.com/kaishu/index_178.html,Success
Page 179,http://www.jidajia.com/kaishu/index_179.html,Success
Page 180,http://www.jidajia.com/kaishu/index_180.html,Success
Page 181,http://www.jidajia.com/kaishu/index_181.html,Success
Page 182,http://www.jidajia.com/kaishu/index_182.html,Success
Page 183,http://www.jidajia.com/kaishu/index_183.html,Success
Page 184,http://www.jidajia.com/kaishu/index_184.html,Success
Page 186,http://www.jidajia.com/kaishu/index_186.html,Success
Page 187,http://www.jidajia.com/kaishu/index_187.html,Success
Page 188,http://www.jidajia.com/kaishu/index_188.html,Success
Page 189,http://www.jidajia.com/kaishu/index_189.html,Success
Page 190,http://www.jidajia.com/kaishu/index_190.html,Success
Page 191,http://www.jidajia.com/kaishu/index_191.html,Success
Page 192,http://www.jidajia.com/kaishu/index_192.html,Success
Page 193,http://www.jidajia.com/kaishu/index_193.html,Success
Page 194,http://www.jidajia.com/kaishu/index_194.html,Success
Page 195,http://www.jidajia.com/kaishu/index_195.html,Success
Page 196,http://www.jidajia.com/kaishu/index_196.html,Success
Page 197,http://www.jidajia.com/kaishu/index_197.html,Success
Page 198,http://www.jidajia.com/kaishu/index_198.html,Success
Page 199,http://www.jidajia.com/kaishu/index_199.html,Success
Page 200,http://www.jidajia.com/kaishu/index_200.html,Success
Page 201,http://www.jidajia.com/kaishu/index_201.html,Success
Page 202,http://www.jidajia.com/kaishu/index_202.html,Success
Page 203,http://www.jidajia.com/kaishu/index_203.html,Success
Page 204,http://www.jidajia.com/kaishu/index_204.html,Success
Page 205,http://www.jidajia.com/kaishu/index_205.html,Success
Page 206,http://www.jidajia.com/kaishu/index_206.html,Success
Page 207,http://www.jidajia.com/kaishu/index_207.html,Success
Page 208,http://www.jidajia.com/kaishu/index_208.html,Success
Page 209,http://www.jidajia.com/kaishu/index_209.html,Success
Page 210,http://www.jidajia.com/kaishu/index_210.html,Success
Page 211,http://www.jidajia.com/kaishu/index_211.html,Success
Page 212,http://www.jidajia.com/kaishu/index_212.html,Success
Page 213,http://www.jidajia.com/kaishu/index_213.html,Success
Page 214,http://www.jidajia.com/kaishu/index_214.html,Success
Page 215,http://www.jidajia.com/kaishu/index_215.html,Success
Page 216,http://www.jidajia.com/kaishu/index_216.html,Success
Page 217,http://www.jidajia.com/kaishu/index_217.html,Success
Page 218,http://www.jidajia.com/kaishu/index_218.html,Success
Page 219,http://www.jidajia.com/kaishu/index_219.html,Success
Page 220,http://www.jidajia.com/kaishu/index_220.html,Success
Page 221,http://www.jidajia.com/kaishu/index_221.html,Success
Page 222,http://www.jidajia.com/kaishu/index_222.html,Success
Page 223,http://www.jidajia.com/kaishu/index_223.html,Success
Page 224,http://www.jidajia.com/kaishu/index_224.html,Success
Page 225,http://www.jidajia.com/kaishu/index_225.html,Success
Page 226,http://www.jidajia.com/kaishu/index_226.html,Success
Page 227,http://www.jidajia.com/kaishu/index_227.html,Success
Page 228,http://www.jidajia.com/kaishu/index_228.html,Success
Page 229,http://www.jidajia.com/kaishu/index_229.html,Success
Page 230,http://www.jidajia.com/kaishu/index_230.html,Success
Page 231,http://www.jidajia.com/kaishu/index_231.html,Success
Page 232,http://www.jidajia.com/kaishu/index_232.html,Success
Page 233,http://www.jidajia.com/kaishu/index_233.html,Success
Page 234,http://www.jidajia.com/kaishu/index_234.html,Success
Page 235,http://www.jidajia.com/kaishu/index_235.html,Success
Page 236,http://www.jidajia.com/kaishu/index_236.html,Success
Page 237,http://www.jidajia.com/kaishu/index_237.html,Success
Page 238,http://www.jidajia.com/kaishu/index_238.html,Success
Page 239,http://www.jidajia.com/kaishu/index_239.html,Success
Page 240,http://www.jidajia.com/kaishu/index_240.html,Success
Page 241,http://www.jidajia.com/kaishu/index_241.html,Success
Page 242,http://www.jidajia.com/kaishu/index_242.html,Success
Page 243,http://www.jidajia.com/kaishu/index_243.html,Success
Page 244,http://www.jidajia.com/kaishu/index_244.html,Success
Page 245,http://www.jidajia.com/kaishu/index_245.html,Success
Page 246,http://www.jidajia.com/kaishu/index_246.html,Success
Page 247,http://www.jidajia.com/kaishu/index_247.html,Success
Page 248,http://www.jidajia.com/kaishu/index_248.html,Success
Page 249,http://www.jidajia.com/kaishu/index_249.html,Success
Page 250,http://www.jidajia.com/kaishu/index_250.html,Success
Page 251,http://www.jidajia.com/kaishu/index_251.html,Success
Page 252,http://www.jidajia.com/kaishu/index_252.html,Success
Page 253,http://www.jidajia.com/kaishu/index_253.html,Success
Page 254,http://www.jidajia.com/kaishu/index_254.html,Success
Page 255,http://www.jidajia.com/kaishu/index_255.html,Success
Page 256,http://www.jidajia.com/kaishu/index_256.html,Success
Page 257,http://www.jidajia.com/kaishu/index_257.html,Success
Page 258,http://www.jidajia.com/kaishu/index_258.html,Success
Page 259,http://www.jidajia.com/kaishu/index_259.html,Success
Page 260,http://www.jidajia.com/kaishu/index_260.html,Success
Page 261,http://www.jidajia.com/kaishu/index_261.html,Success
Page 262,http://www.jidajia.com/kaishu/index_262.html,Success
Page 263,http://www.jidajia.com/kaishu/index_263.html,Success
Page 264,http://www.jidajia.com/kaishu/index_264.html,Success
Page 265,http://www.jidajia.com/kaishu/index_265.html,Success
Page 266,http://www.jidajia.com/kaishu/index_266.html,Success
Page 267,http://www.jidajia.com/kaishu/index_267.html,Success
Page 268,http://www.jidajia.com/kaishu/index_268.html,Success
Page 269,http://www.jidajia.com/kaishu/index_269.html,Success
Page 270,http://www.jidajia.com/kaishu/index_270.html,Success
Page 271,http://www.jidajia.com/kaishu/index_271.html,Success
Page 272,http://www.jidajia.com/kaishu/index_272.html,Success
Page 273,http://www.jidajia.com/kaishu/index_273.html,Success
Page 274,http://www.jidajia.com/kaishu/index_274.html,Success
Page 275,http://www.jidajia.com/kaishu/index_275.html,Success
Page 276,http://www.jidajia.com/kaishu/index_276.html,Success
Page 277,http://www.jidajia.com/kaishu/index_277.html,Success
Page 278,http://www.jidajia.com/kaishu/index_278.html,Success
Page 279,http://www.jidajia.com/kaishu/index_279.html,Success
Page 280,http://www.jidajia.com/kaishu/index_280.html,Success
Page 281,http://www.jidajia.com/kaishu/index_281.html,Success
Page 282,http://www.jidajia.com/kaishu/index_282.html,Success
Page 283,http://www.jidajia.com/kaishu/index_283.html,Success
Page 284,http://www.jidajia.com/kaishu/index_284.html,Success
Page 285,http://www.jidajia.com/kaishu/index_285.html,Success
Page 286,http://www.jidajia.com/kaishu/index_286.html,Success
Page 287,http://www.jidajia.com/kaishu/index_287.html,Success
Page 288,http://www.jidajia.com/kaishu/index_288.html,Success
Page 289,http://www.jidajia.com/kaishu/index_289.html,Success
Page 290,http://www.jidajia.com/kaishu/index_290.html,Success
Page 291,http://www.jidajia.com/kaishu/index_291.html,Success
Page 292,http://www.jidajia.com/kaishu/index_292.html,Success
Page 293,http://www.jidajia.com/kaishu/index_293.html,Success
Page 294,http://www.jidajia.com/kaishu/index_294.html,Success
Page 295,http://www.jidajia.com/kaishu/index_295.html,Success
Page 296,http://www.jidajia.com/kaishu/index_296.html,Success
Page 297,http://www.jidajia.com/kaishu/index_297.html,Success
Page 298,http://www.jidajia.com/kaishu/index_298.html,Success
Page 299,http://www.jidajia.com/kaishu/index_299.html,Success
Page 300,http://www.jidajia.com/kaishu/index_300.html,Success
Page 301,http://www.jidajia.com/kaishu/index_301.html,Success
Page 302,http://www.jidajia.com/kaishu/index_302.html,Success
Page 303,http://www.jidajia.com/kaishu/index_303.html,Success
Page 304,http://www.jidajia.com/kaishu/index_304.html,Success
Page 305,http://www.jidajia.com/kaishu/index_305.html,Success
Page 306,http://www.jidajia.com/kaishu/index_306.html,Success
Page 307,http://www.jidajia.com/kaishu/index_307.html,Success
Page 308,http://www.jidajia.com/kaishu/index_308.html,Success
Page 309,http://www.jidajia.com/kaishu/index_309.html,Success
Page 310,http://www.jidajia.com/kaishu/index_310.html,Success
Page 311,http://www.jidajia.com/kaishu/index_311.html,Success
Page 312,http://www.jidajia.com/kaishu/index_312.html,Success
Page 313,http://www.jidajia.com/kaishu/index_313.html,Success
Page 314,http://www.jidajia.com/kaishu/index_314.html,Success
Page 315,http://www.jidajia.com/kaishu/index_315.html,Success
Page 316,http://www.jidajia.com/kaishu/index_316.html,Success
Page 317,http://www.jidajia.com/kaishu/index_317.html,Success
Page 318,http://www.jidajia.com/kaishu/index_318.html,Success
Page 319,http://www.jidajia.com/kaishu/index_319.html,Success
Page 320,http://www.jidajia.com/kaishu/index_320.html,Success
Page 321,http://www.jidajia.com/kaishu/index_321.html,Success
Page 322,http://www.jidajia.com/kaishu/index_322.html,Success
Page 323,http://www.jidajia.com/kaishu/index_323.html,Success
Page 324,http://www.jidajia.com/kaishu/index_324.html,Success
Page 325,http://www.jidajia.com/kaishu/index_325.html,Success
Page 326,http://www.jidajia.com/kaishu/index_326.html,Success
Page 327,http://www.jidajia.com/kaishu/index_327.html,Success
Page 328,http://www.jidajia.com/kaishu/index_328.html,Success
Page 329,http://www.jidajia.com/kaishu/index_329.html,Success
Page 330,http://www.jidajia.com/kaishu/index_330.html,Success
Page 331,http://www.jidajia.com/kaishu/index_331.html,Success
Page 332,http://www.jidajia.com/kaishu/index_332.html,Success
Page 333,http://www.jidajia.com/kaishu/index_333.html,Success
Page 334,http://www.jidajia.com/kaishu/index_334.html,Success
Page 335,http://www.jidajia.com/kaishu/index_335.html,Success
Page 336,http://www.jidajia.com/kaishu/index_336.html,Success
Page 337,http://www.jidajia.com/kaishu/index_337.html,Success
Page 338,http://www.jidajia.com/kaishu/index_338.html,Success
Page 339,http://www.jidajia.com/kaishu/index_339.html,Success
Page 340,http://www.jidajia.com/kaishu/index_340.html,Success
Page 341,http://www.jidajia.com/kaishu/index_341.html,Success
Page 342,http://www.jidajia.com/kaishu/index_342.html,Success
Page 343,http://www.jidajia.com/kaishu/index_343.html,Success
Page 344,http://www.jidajia.com/kaishu/index_344.html,Success
Page 345,http://www.jidajia.com/kaishu/index_345.html,Success
Page 346,http://www.jidajia.com/kaishu/index_346.html,Success
Page 347,http://www.jidajia.com/kaishu/index_347.html,Success
Page 348,http://www.jidajia.com/kaishu/index_348.html,Success
Page 349,http://www.jidajia.com/kaishu/index_349.html,Success
Page 350,http://www.jidajia.com/kaishu/index_350.html,Success
Page 351,http://www.jidajia.com/kaishu/index_351.html,Success
Page 352,http://www.jidajia.com/kaishu/index_352.html,Success
Page 353,http://www.jidajia.com/kaishu/index_353.html,Success
Page 354,http://www.jidajia.com/kaishu/index_354.html,Success
Page 355,http://www.jidajia.com/kaishu/index_355.html,Success
Page 356,http://www.jidajia.com/kaishu/index_356.html,Success
Page 357,http://www.jidajia.com/kaishu/index_357.html,Success
Page 358,http://www.jidajia.com/kaishu/index_358.html,Success
Page 359,http://www.jidajia.com/kaishu/index_359.html,Success
Page 360,http://www.jidajia.com/kaishu/index_360.html,Success
Page 361,http://www.jidajia.com/kaishu/index_361.html,Success
Page 362,http://www.jidajia.com/kaishu/index_362.html,Success
Page 363,http://www.jidajia.com/kaishu/index_363.html,Success
Page 364,http://www.jidajia.com/kaishu/index_364.html,Success
Page 365,http://www.jidajia.com/kaishu/index_365.html,Success
Page 366,http://www.jidajia.com/kaishu/index_366.html,Success
Page 367,http://www.jidajia.com/kaishu/index_367.html,Success
Page 368,http://www.jidajia.com/kaishu/index_368.html,Success
Page 369,http://www.jidajia.com/kaishu/index_369.html,Success
Page 370,http://www.jidajia.com/kaishu/index_370.html,Success
Page 371,http://www.jidajia.com/kaishu/index_371.html,Success
Page 372,http://www.jidajia.com/kaishu/index_372.html,Success
Page 373,http://www.jidajia.com/kaishu/index_373.html,Success
Page 374,http://www.jidajia.com/kaishu/index_374.html,Success
Page 375,http://www.jidajia.com/kaishu/index_375.html,Success
Page 376,http://www.jidajia.com/kaishu/index_376.html,Success
Page 377,http://www.jidajia.com/kaishu/index_377.html,Success
Page 378,http://www.jidajia.com/kaishu/index_378.html,Success
Page 379,http://www.jidajia.com/kaishu/index_379.html,Success
Page 380,http://www.jidajia.com/kaishu/index_380.html,Success
Page 381,http://www.jidajia.com/kaishu/index_381.html,Success
Page 382,http://www.jidajia.com/kaishu/index_382.html,Success
Page 383,http://www.jidajia.com/kaishu/index_383.html,Success
Page 384,http://www.jidajia.com/kaishu/index_384.html,Success
Page 385,http://www.jidajia.com/kaishu/index_385.html,Success
Page 386,http://www.jidajia.com/kaishu/index_386.html,Success
Page 387,http://www.jidajia.com/kaishu/index_387.html,Success
Page 388,http://www.jidajia.com/kaishu/index_388.html,Success
Page 129,http://www.jidajia.com/kaishu/index_129.html,Success
Page 165,http://www.jidajia.com/kaishu/index_165.html,Success
Page 185,http://www.jidajia.com/kaishu/index_185.html,Success
